<?xml version="1.0"?>
<?xml-stylesheet type="text/xsl" href="advisor.xsl"?>
<Report xmlns:dt="urn:schemas-microsoft-com:datatypes"><ExperimentInfo><ExperimentName dt:dt="string">DigitSpan backward beta</ExperimentName><SessionDate dt:dt="string">10-02-2017</SessionDate><SessionTime dt:dt="string">18:45:49</SessionTime><Subject dt:dt="int">35</Subject><Session dt:dt="int">1</Session><Group dt:dt="int">1</Group><TestMode dt:dt="boolean">0</TestMode><ElapsedTime dt:dt="string">1 Minutes, 42 Seconds</ElapsedTime></ExperimentInfo><TimeAuditInfo><TimeAuditObjects><TimeAuditObject><Name dt:dt="string">Blank</Name></TimeAuditObject><TimeAuditObject><Name dt:dt="string">GetResponse</Name></TimeAuditObject><TimeAuditObject><Name dt:dt="string">Goodbye</Name></TimeAuditObject><TimeAuditObject><Name dt:dt="string">Instructions</Name></TimeAuditObject><TimeAuditObject><Name dt:dt="string">PressToContinue</Name></TimeAuditObject><TimeAuditObject><Name dt:dt="string">SayDigit</Name></TimeAuditObject><TimeAuditObject><Name dt:dt="string">TextDisplay1</Name></TimeAuditObject></TimeAuditObjects></TimeAuditInfo><AdvisorModules><AdvisorModule><Present dt:dt="boolean">1</Present><Enabled dt:dt="boolean">1</Enabled><Caption dt:dt="string">Object in experiment does not run</Caption><Description dt:dt="string">An object was created from the Toolbox in E-Studio or with E-Basic but never runs on a Procedure or through InLine script.</Description><DefinitionGuid dt:dt="string">{977A0731-ED4F-4772-BF32-4E8B2870EAED}</DefinitionGuid></AdvisorModule><AdvisorModule><Present dt:dt="boolean">1</Present><Enabled dt:dt="boolean">1</Enabled><Caption dt:dt="string">Volatile Clock</Caption><Description dt:dt="string">The E-Prime Primary Clock is configured in a way that could cause timing inconsistencies. Contact PST Tech Support to configure the clock for more stabilized performance when this finding is detected.</Description><DefinitionGuid dt:dt="string">{60BEA5C4-6FE8-4EB7-8915-AAACF8258404}</DefinitionGuid></AdvisorModule><AdvisorModule><Present dt:dt="boolean">1</Present><Enabled dt:dt="boolean">1</Enabled><Caption dt:dt="string">Procedure ends with pending InputMask objects</Caption><Description dt:dt="string">There are input masks that continue to collect responses at the end of a Procedure. To ensure that responses are collected and properly logged, set the TimeLimit property to (until feedback) or (end of proc) and the Procedure.ProcessPendingInputMasks property to All or Last.</Description><DefinitionGuid dt:dt="string">{E87CD980-15BD-4393-8583-E0E7BCC5DF3A}</DefinitionGuid></AdvisorModule><AdvisorModule><Present dt:dt="boolean">1</Present><Enabled dt:dt="boolean">1</Enabled><Caption dt:dt="string">Task Action Protracted</Caption><Description dt:dt="string">Task Action took an excessive amount of time that can lead to timing errors</Description><DefinitionGuid dt:dt="string">{167A496B-46CA-4FA5-B6AA-2E240F896A47}</DefinitionGuid></AdvisorModule><AdvisorModule><Present dt:dt="boolean">1</Present><Enabled dt:dt="boolean">1</Enabled><Caption dt:dt="string">Task Action Skipped</Caption><Description dt:dt="string">Task Action skipped because Management Mode was active when the task was scheduled</Description><DefinitionGuid dt:dt="string">{7422B841-2129-43E1-8446-1B95B705BF27}</DefinitionGuid></AdvisorModule><AdvisorModule><Present dt:dt="boolean">1</Present><Enabled dt:dt="boolean">1</Enabled><Caption dt:dt="string">Movie and audio stimuli not mapped</Caption><Description dt:dt="string">A movie or audio file is not using mappings available through Codec Config. Failure to map movie or audio files to specific codecs can negatively affect timing and performance of movies and sounds while running the experiment.</Description><DefinitionGuid dt:dt="string">{72A59214-3F45-4B98-84BC-4E63903B8374}</DefinitionGuid></AdvisorModule><AdvisorModule><Present dt:dt="boolean">1</Present><Enabled dt:dt="boolean">1</Enabled><Caption dt:dt="string">Duration not divisible by refresh rate</Caption><Description dt:dt="string">An object with its OnsetSync property set to (vertical blank) has a Duration value that is not divisible by the DisplayDevice calulated refresh rate, which can lead to larger OnsetDelay and other timing issues.</Description><DefinitionGuid dt:dt="string">{4AD2EB1F-8E4A-4B24-A38C-1E0EE032A9EC}</DefinitionGuid></AdvisorModule><AdvisorModule><Present dt:dt="boolean">1</Present><Enabled dt:dt="boolean">1</Enabled><Caption dt:dt="string">Non-Visual object using OnsetSync or OffsetSync</Caption><Description dt:dt="string">A non-visual object (SoundOut, SoundIn, Wait) has either of its OnsetSync or OffsetSync properties set to (vertical blank) which is usually unnecessary unless syncing with external equipment.</Description><DefinitionGuid dt:dt="string">{E1AF242F-4142-48EC-9FEE-2A47AF3176FD}</DefinitionGuid></AdvisorModule><AdvisorModule><Present dt:dt="boolean">1</Present><Enabled dt:dt="boolean">1</Enabled><Caption dt:dt="string">Text object has matching BackColor and ForeColor</Caption><Description dt:dt="string">A TextDisplay or SlideText object has BackStyle set to opaque with identical values for BackColor and ForeColor, which can lead to an object not being visible during an experiment.</Description><DefinitionGuid dt:dt="string">{6C660ACC-674E-4E8F-9CEF-B5D1E6799E17}</DefinitionGuid></AdvisorModule><AdvisorModule><Present dt:dt="boolean">1</Present><Enabled dt:dt="boolean">1</Enabled><Caption dt:dt="string">Use of ClearAfter</Caption><Description dt:dt="string">An object has its ClearAfter property set to Yes. ClearAfter is a deprecated property.</Description><DefinitionGuid dt:dt="string">{802B9EB1-1D9C-4B1D-A36C-05748B9F93C9}</DefinitionGuid></AdvisorModule><AdvisorModule><Present dt:dt="boolean">1</Present><Enabled dt:dt="boolean">1</Enabled><Caption dt:dt="string">Use of Stretch</Caption><Description dt:dt="string">A visual object has its Stretch property set to Yes, which can cause display timing anomalies.  Instead of using Stretch, consider editing the source material to match the size and proportions you want to display during the experiment.</Description><DefinitionGuid dt:dt="string">{9FA8794D-625C-49A0-BF1B-C1244A18FB28}</DefinitionGuid></AdvisorModule><AdvisorModule><Present dt:dt="boolean">1</Present><Enabled dt:dt="boolean">1</Enabled><Caption dt:dt="string">Display adapter set to clone mode</Caption><Description dt:dt="string">The display adapter of the machine is set to clone or mirror mode. Mirroring can cause timing issues since vertical blank synchronization is not accurate between multiple displays, and determining which display is considered primary can cause confusion and may not be consistent between computer configurations.</Description><DefinitionGuid dt:dt="string">{08B7EA85-6E98-407F-BB95-BEEC0254B9D1}</DefinitionGuid></AdvisorModule><AdvisorModule><Present dt:dt="boolean">1</Present><Enabled dt:dt="boolean">1</Enabled><Caption dt:dt="string">Large OnsetDelay</Caption><Description dt:dt="string">An object is collecting OnsetDelay Stats and has an OnsetDelay that is larger than a single refresh. Setting the Duration property to a value divisible by the refresh rate and the PreRelease property to (same as duration) will typically reduce OnsetDelay values.</Description><DefinitionGuid dt:dt="string">{F2B71F0D-E54F-447A-A362-FA8188103FD0}</DefinitionGuid></AdvisorModule><AdvisorModule><Present dt:dt="boolean">1</Present><Enabled dt:dt="boolean">1</Enabled><Caption dt:dt="string">Use of WaitForVerticalBlank when FlippingEnabled</Caption><Description dt:dt="string">The DisplayDevice.WaitForVerticalBlank E-Basic command is used when the DisplayDevice.FlippingEnabled property is set to Yes/True.  Calling WaitForVerticalBlank while flipping is enabled can cause timing concerns.</Description><DefinitionGuid dt:dt="string">{5762C01F-C62A-4DEE-A697-D59AF3626A6D}</DefinitionGuid></AdvisorModule><AdvisorModule><Present dt:dt="boolean">1</Present><Enabled dt:dt="boolean">1</Enabled><Caption dt:dt="string">Direct Canvas Commands</Caption><Description dt:dt="string">Detects when a Canvas command other than Copy is invoked that would directly alter the screen contents.  It is recommended to perform all Canvas drawing on an offscreen Canvas and then use the Copy method to display the contents to the screen.</Description><DefinitionGuid dt:dt="string">{E940F3DA-590B-4BD2-A7CA-B40803826403}</DefinitionGuid></AdvisorModule><AdvisorModule><Present dt:dt="boolean">1</Present><Enabled dt:dt="boolean">1</Enabled><Caption dt:dt="string">Value Default is not evenly divisible by Number of Decimals</Caption><Description dt:dt="string">A SlideSlider sub-object Value Default property is not evenly divisible by the Number of Decimals property.</Description><DefinitionGuid dt:dt="string">{B5BD4D2C-FF28-4457-8560-4081F8DAE11C}</DefinitionGuid></AdvisorModule><AdvisorModule><Present dt:dt="boolean">1</Present><Enabled dt:dt="boolean">1</Enabled><Caption dt:dt="string">Interactive List was active</Caption><Description dt:dt="string">An Interactive List was active</Description><DefinitionGuid dt:dt="string">{7C56F734-D88D-4749-923B-25D8B7EB019C}</DefinitionGuid></AdvisorModule><AdvisorModule><Present dt:dt="boolean">1</Present><Enabled dt:dt="boolean">1</Enabled><Caption dt:dt="string">Evaluate SoundDevice.API</Caption><Description dt:dt="string">Detects when a SoundDevice is using the DirectSound(TM) API on Windows Vista or later which typically cannot achieve latency values under 30ms. Chronos, ASIO, or CoreAudio are recommended for Windows Vista or later.  Use SoundTester to choose the most appropriate API for the experiment computer.</Description><DefinitionGuid dt:dt="string">{DBB1E77E-A3EA-4E7C-B6D5-A792F6EB6802}</DefinitionGuid></AdvisorModule><AdvisorModule><Present dt:dt="boolean">1</Present><Enabled dt:dt="boolean">1</Enabled><Caption dt:dt="string">Major Ticks Units is not evenly divisible by Number of Decimals</Caption><Description dt:dt="string">A SlideSlider sub-object Major Ticks Units property is not evenly divisible by the Number of Decimals property.</Description><DefinitionGuid dt:dt="string">{EEF63F10-6D3C-412C-B1BB-23FA03F221C8}</DefinitionGuid></AdvisorModule><AdvisorModule><Present dt:dt="boolean">1</Present><Enabled dt:dt="boolean">1</Enabled><Caption dt:dt="string">Chronos Successive Operation</Caption><Description dt:dt="string">Detects when Chronos.History or Chronos.AnalogIn(x).History is accessed during a time when digital or analog input data may be in transit which may lead to delayed reaction to response collection.  To avoid this warning, provide enough time between Chronos.History and digital out access or Chronos.AnalogIn(x).History and analog input access</Description><DefinitionGuid dt:dt="string">{1CC68AD9-9438-409B-A105-5B218BB3F075}</DefinitionGuid></AdvisorModule><AdvisorModule><Present dt:dt="boolean">1</Present><Enabled dt:dt="boolean">1</Enabled><Caption dt:dt="string">Chronos Analog In Record with Zero Sample Rate</Caption><Description dt:dt="string">An Analog In recording was started with the Sample Rate property set to zero.</Description><DefinitionGuid dt:dt="string">{B58CD1E7-0C3D-48E4-9F7F-7E4AF6ED529D}</DefinitionGuid></AdvisorModule><AdvisorModule><Present dt:dt="boolean">1</Present><Enabled dt:dt="boolean">1</Enabled><Caption dt:dt="string">Chronos Large Clock Offset</Caption><Description dt:dt="string">A large clock offset LCO value was detected when sync time base between Chronos and E-Prime that can lead to timing errors</Description><DefinitionGuid dt:dt="string">{93EA49FD-02F6-44C3-9DD6-90B23A8B5159}</DefinitionGuid></AdvisorModule><AdvisorModule><Present dt:dt="boolean">1</Present><Enabled dt:dt="boolean">1</Enabled><Caption dt:dt="string">Chronos Large Clock Flight Time</Caption><Description dt:dt="string">A large flight time was detected when sync time base between Chronos and E-Prime that can lead to timing errors</Description><DefinitionGuid dt:dt="string">{F3DF547D-3C61-48B7-9CED-D8629097A5E7}</DefinitionGuid></AdvisorModule><AdvisorModule><Present dt:dt="boolean">1</Present><Enabled dt:dt="boolean">1</Enabled><Caption dt:dt="string">Chronos Clock Auto Sync Disabled</Caption><Description dt:dt="string">Detects when the auto sync of clock between Chronos and E-Prime has been disabled which can lead to timing errors</Description><DefinitionGuid dt:dt="string">{56473C9A-D762-4971-8C68-3F40CF95913F}</DefinitionGuid></AdvisorModule><AdvisorModule><Present dt:dt="boolean">1</Present><Enabled dt:dt="boolean">1</Enabled><Caption dt:dt="string">Chronos Audio Out Buffer Underrun in MixMode1</Caption><Description dt:dt="string">An instance of a audio data buffer underrun ocurred while in MixMode1 during a scenario that was not expected and may lead to audio data not being represented to the participant as expected</Description><DefinitionGuid dt:dt="string">{2C9CB03D-BEBB-426E-95E1-2C736FC7F15C}</DefinitionGuid></AdvisorModule><AdvisorModule><Present dt:dt="boolean">1</Present><Enabled dt:dt="boolean">1</Enabled><Caption dt:dt="string">Chronos Audio In Voicekey Pressed During Logging</Caption><Description dt:dt="string">Detects when the voiceky is pressed during the StopAfterLog processing which can lead to unexpected omission of voicekey on subsequent trials</Description><DefinitionGuid dt:dt="string">{8556A1B2-3719-453A-9743-7198CA060CBB}</DefinitionGuid></AdvisorModule><AdvisorModule><Present dt:dt="boolean">1</Present><Enabled dt:dt="boolean">1</Enabled><Caption dt:dt="string">Chronos Audio In PostOffsetInterval too small</Caption><Description dt:dt="string">Detects when the PostOffsetInterval is assigned to a value smaller than 50ms which likely will not pickup most human speech patterns</Description><DefinitionGuid dt:dt="string">{6299EFBA-0C5C-406F-A623-F34955F7F672}</DefinitionGuid></AdvisorModule><AdvisorModule><Present dt:dt="boolean">1</Present><Enabled dt:dt="boolean">1</Enabled><Caption dt:dt="string">Chronos Audio In File Exists</Caption><Description dt:dt="string">Detects when an Audio In recording is overwriting a file which could lead to missed data</Description><DefinitionGuid dt:dt="string">{697EBA0D-7964-4DF0-B5D7-4B4BD3AD2BE1}</DefinitionGuid></AdvisorModule><AdvisorModule><Present dt:dt="boolean">1</Present><Enabled dt:dt="boolean">1</Enabled><Caption dt:dt="string">Chronos Analog Out Waveform Clipped</Caption><Description dt:dt="string">Detects when generating or loading an analog waveform has values clipped larger than 100% or smaller than 0%</Description><DefinitionGuid dt:dt="string">{FE528C64-376A-4331-BF01-77E9E867CB59}</DefinitionGuid></AdvisorModule><AdvisorModule><Present dt:dt="boolean">1</Present><Enabled dt:dt="boolean">1</Enabled><Caption dt:dt="string">Chronos Analog Out playback with zero loop position</Caption><Description dt:dt="string">Detects when an Analog Out playback begins with a PlaybackRate value of zero</Description><DefinitionGuid dt:dt="string">{D08A5A1A-8F24-4F0D-AF48-E6F933E669CF}</DefinitionGuid></AdvisorModule><AdvisorModule><Present dt:dt="boolean">1</Present><Enabled dt:dt="boolean">1</Enabled><Caption dt:dt="string">Chronos Analog In Threshold Adjustment</Caption><Description dt:dt="string">Detects when adjustment to the OnsetThreshold or OffsetThreshold require adjustments to both thresholds</Description><DefinitionGuid dt:dt="string">{C1921951-EE48-422B-A69A-3A4E3A7121AE}</DefinitionGuid></AdvisorModule><AdvisorModule><Present dt:dt="boolean">1</Present><Enabled dt:dt="boolean">1</Enabled><Caption dt:dt="string">Chronos Analog In StreamPumpInterval zero</Caption><Description dt:dt="string">Detects when the Chronos Analog In StreamPumpInterval has been set to zero which can have a negative effect on machine performance and analog data collection</Description><DefinitionGuid dt:dt="string">{4740D917-941D-4AFB-9EF2-7BC1E493C892}</DefinitionGuid></AdvisorModule><AdvisorModule><Present dt:dt="boolean">1</Present><Enabled dt:dt="boolean">1</Enabled><Caption dt:dt="string">Chronos Analog In ScaledMin greater than ScaledMax</Caption><Description dt:dt="string">Detects when the ScaledMin value is greater than the ScaledMax value for an Analog In channel that can lead to unexpected sample values</Description><DefinitionGuid dt:dt="string">{FC70F24A-3FDD-4856-98DF-C1874C8A3454}</DefinitionGuid></AdvisorModule><AdvisorModule><Present dt:dt="boolean">1</Present><Enabled dt:dt="boolean">1</Enabled><Caption dt:dt="string">Chronos Analog In First File Overwrite</Caption><Description dt:dt="string">Detects when the first instance of an Analog In recording overwrites a file which is not expected and may indicate reuse of session data on a subsequent run</Description><DefinitionGuid dt:dt="string">{7B1BF17D-8E5E-4F45-92C7-5249F77C09CD}</DefinitionGuid></AdvisorModule><AdvisorModule><Present dt:dt="boolean">1</Present><Enabled dt:dt="boolean">1</Enabled><Caption dt:dt="string">Chronos Analog In Excessive Definition</Caption><Description dt:dt="string">Detects when the definition for row and column headings is large which can lead to poor analog in sample collection</Description><DefinitionGuid dt:dt="string">{B98F4776-9372-4EE4-8B41-7D7118704F29}</DefinitionGuid></AdvisorModule><AdvisorModule><Present dt:dt="boolean">1</Present><Enabled dt:dt="boolean">1</Enabled><Caption dt:dt="string">Operating System not verified</Caption><Description dt:dt="string">Detects if the operating system used to run the experiment has not been verified by PST.  When a new edition of an Operating System, patch, or service pack is released after E-Prime, there is a possibility the timing and compatibility characteristics have changed.  Check www.pstnet.com for more info regarding this operating system and its usage characteristics with E-Prime.</Description><DefinitionGuid dt:dt="string">{0CC004EC-9AD9-4350-B7C5-5EA0D778483D}</DefinitionGuid></AdvisorModule></AdvisorModules><AdvisorModuleFindings><AdvisorModuleFinding><AdvisorModuleCaption dt:dt="string">Evaluate SoundDevice.API</AdvisorModuleCaption><AdvisorModuleDefinitionGuid dt:dt="string">{DBB1E77E-A3EA-4E7C-B6D5-A792F6EB6802}</AdvisorModuleDefinitionGuid><Category dt:dt="string">Design</Category><Message dt:dt="string">The 'Sound' device is using the DirectSound API on Windows Vista or later which typically cannot achieve latency values under 30ms. CoreAudio or ASIO APIs are recommended for Windows Vista or later.</Message><MessageUrlEscape dt:dt="string">The%20'Sound'%20device%20is%20using%20the%20DirectSound%20API%20on%20Windows%20Vista%20or%20later%20which%20typically%20cannot%20achieve%20latency%20values%20under%2030ms.%20CoreAudio%20or%20ASIO%20APIs%20are%20recommended%20for%20Windows%20Vista%20or%20later.</MessageUrlEscape><MessageCount dt:dt="int">1</MessageCount></AdvisorModuleFinding><AdvisorModuleFinding><AdvisorModuleCaption dt:dt="string">Duration not divisible by refresh rate</AdvisorModuleCaption><AdvisorModuleDefinitionGuid dt:dt="string">{4AD2EB1F-8E4A-4B24-A38C-1E0EE032A9EC}</AdvisorModuleDefinitionGuid><Category dt:dt="string">Timing</Category><Message dt:dt="string">The 'Blank' object has its OnsetSync property set to (vertical blank) and a Duration value (1000) that is not divisible by the DisplayDevice calculated refresh rate, which can lead to larger OnsetDelay and other timing issues.  (Requested: (unspecified), Calculated: 60.10Hz/16.64ms, Suggested: low=998, high=1015)</Message><MessageUrlEscape dt:dt="string">The%20'Blank'%20object%20has%20its%20OnsetSync%20property%20set%20to%20(vertical%20blank)%20and%20a%20Duration%20value%20(1000)%20that%20is%20not%20divisible%20by%20the%20DisplayDevice%20calculated%20refresh%20rate,%20which%20can%20lead%20to%20larger%20OnsetDelay%20and%20other%20timing%20issues.%20%20(Requested:%20(unspecified),%20Calculated:%2060.10Hz%2F16.64ms,%20Suggested:%20low=998,%20high=1015)</MessageUrlEscape><MessageCount dt:dt="int">17</MessageCount></AdvisorModuleFinding><AdvisorModuleFinding><AdvisorModuleCaption dt:dt="string">Duration not divisible by refresh rate</AdvisorModuleCaption><AdvisorModuleDefinitionGuid dt:dt="string">{4AD2EB1F-8E4A-4B24-A38C-1E0EE032A9EC}</AdvisorModuleDefinitionGuid><Category dt:dt="string">Timing</Category><Message dt:dt="string">The 'SayDigit' object has its OnsetSync property set to (vertical blank) and a Duration value (1000) that is not divisible by the DisplayDevice calculated refresh rate, which can lead to larger OnsetDelay and other timing issues.  (Requested: (unspecified), Calculated: 60.10Hz/16.64ms, Suggested: low=998, high=1015)</Message><MessageUrlEscape dt:dt="string">The%20'SayDigit'%20object%20has%20its%20OnsetSync%20property%20set%20to%20(vertical%20blank)%20and%20a%20Duration%20value%20(1000)%20that%20is%20not%20divisible%20by%20the%20DisplayDevice%20calculated%20refresh%20rate,%20which%20can%20lead%20to%20larger%20OnsetDelay%20and%20other%20timing%20issues.%20%20(Requested:%20(unspecified),%20Calculated:%2060.10Hz%2F16.64ms,%20Suggested:%20low=998,%20high=1015)</MessageUrlEscape><MessageCount dt:dt="int">17</MessageCount></AdvisorModuleFinding><AdvisorModuleFinding><AdvisorModuleCaption dt:dt="string">Duration not divisible by refresh rate</AdvisorModuleCaption><AdvisorModuleDefinitionGuid dt:dt="string">{4AD2EB1F-8E4A-4B24-A38C-1E0EE032A9EC}</AdvisorModuleDefinitionGuid><Category dt:dt="string">Misc</Category><Message dt:dt="string">The 'SayDigit' object has its OnsetSync property set to (vertical blank) which is usually unnecessary for objects that do not display contents to the screen.</Message><MessageUrlEscape dt:dt="string">The%20'SayDigit'%20object%20has%20its%20OnsetSync%20property%20set%20to%20(vertical%20blank)%20which%20is%20usually%20unnecessary%20for%20objects%20that%20do%20not%20display%20contents%20to%20the%20screen.</MessageUrlEscape><MessageCount dt:dt="int">17</MessageCount></AdvisorModuleFinding><AdvisorModuleFinding><AdvisorModuleCaption dt:dt="string">Duration not divisible by refresh rate</AdvisorModuleCaption><AdvisorModuleDefinitionGuid dt:dt="string">{4AD2EB1F-8E4A-4B24-A38C-1E0EE032A9EC}</AdvisorModuleDefinitionGuid><Category dt:dt="string">Timing</Category><Message dt:dt="string">The 'Goodbye' object has its OnsetSync property set to (vertical blank) and a Duration value (1000) that is not divisible by the DisplayDevice calculated refresh rate, which can lead to larger OnsetDelay and other timing issues.  (Requested: (unspecified), Calculated: 60.10Hz/16.64ms, Suggested: low=998, high=1015)</Message><MessageUrlEscape dt:dt="string">The%20'Goodbye'%20object%20has%20its%20OnsetSync%20property%20set%20to%20(vertical%20blank)%20and%20a%20Duration%20value%20(1000)%20that%20is%20not%20divisible%20by%20the%20DisplayDevice%20calculated%20refresh%20rate,%20which%20can%20lead%20to%20larger%20OnsetDelay%20and%20other%20timing%20issues.%20%20(Requested:%20(unspecified),%20Calculated:%2060.10Hz%2F16.64ms,%20Suggested:%20low=998,%20high=1015)</MessageUrlEscape><MessageCount dt:dt="int">1</MessageCount></AdvisorModuleFinding><AdvisorModuleFinding><AdvisorModuleCaption dt:dt="string">Object in experiment does not run</AdvisorModuleCaption><AdvisorModuleDefinitionGuid dt:dt="string">{977A0731-ED4F-4772-BF32-4E8B2870EAED}</AdvisorModuleDefinitionGuid><Category dt:dt="string">Design</Category><Message dt:dt="string">The 'Digits' did not run during the experiment session.</Message><MessageUrlEscape dt:dt="string">The%20'Digits'%20did%20not%20run%20during%20the%20experiment%20session.</MessageUrlEscape><MessageCount dt:dt="int">1</MessageCount></AdvisorModuleFinding><AdvisorModuleFinding><AdvisorModuleCaption dt:dt="string">Object in experiment does not run</AdvisorModuleCaption><AdvisorModuleDefinitionGuid dt:dt="string">{977A0731-ED4F-4772-BF32-4E8B2870EAED}</AdvisorModuleDefinitionGuid><Category dt:dt="string">Design</Category><Message dt:dt="string">The 'TextDisplay1' did not run during the experiment session.</Message><MessageUrlEscape dt:dt="string">The%20'TextDisplay1'%20did%20not%20run%20during%20the%20experiment%20session.</MessageUrlEscape><MessageCount dt:dt="int">1</MessageCount></AdvisorModuleFinding></AdvisorModuleFindings><Clock><Property><PropertyName dt:dt="string">Description</PropertyName><PropertyValue dt:dt="string">E-Prime Primary Realtime Clock</PropertyValue></Property><Property><PropertyName dt:dt="string">Scale</PropertyName><PropertyValue dt:dt="r8">1</PropertyValue></Property><Property><PropertyName dt:dt="string">StartTimestamp</PropertyName><PropertyValue dt:dt="ui4">0</PropertyValue></Property><Property><PropertyName dt:dt="string">StartDateUtc</PropertyName><PropertyValue dt:dt="string">2017-10-02T23:45:49Z</PropertyValue></Property><Property><PropertyName dt:dt="string">Guid</PropertyName><PropertyValue dt:dt="string">{10343DBD-55BE-45C7-AA62-A5239F6918AB}</PropertyValue></Property></Clock><Devices><Device><Property><PropertyName dt:dt="string">Name</PropertyName><PropertyValue dt:dt="string">Display</PropertyValue></Property><Property><PropertyName dt:dt="string">Type</PropertyName><PropertyValue dt:dt="string">DisplayDevice</PropertyValue></Property><Property><PropertyName dt:dt="string">DisplayIndex</PropertyName><PropertyValue dt:dt="ui4">1</PropertyValue></Property><Property><PropertyName dt:dt="string">XRes</PropertyName><PropertyValue dt:dt="int">640</PropertyValue></Property><Property><PropertyName dt:dt="string">YRes</PropertyName><PropertyValue dt:dt="int">480</PropertyValue></Property><Property><PropertyName dt:dt="string">ColorDepth</PropertyName><PropertyValue dt:dt="int">32</PropertyValue></Property><Property><PropertyName dt:dt="string">RefreshRateRequested</PropertyName><PropertyValue dt:dt="int">0</PropertyValue></Property><Property><PropertyName dt:dt="string">RefreshRateCalculated</PropertyName><PropertyValue dt:dt="r8">60.0968159705285</PropertyValue></Property><Property><PropertyName dt:dt="string">RefreshAlignment</PropertyName><PropertyValue dt:dt="string">0%</PropertyValue></Property><Property><PropertyName dt:dt="string">FlippingEnabled</PropertyName><PropertyValue dt:dt="boolean">1</PropertyValue></Property></Device><Device><Property><PropertyName dt:dt="string">Name</PropertyName><PropertyValue dt:dt="string">Sound</PropertyValue></Property><Property><PropertyName dt:dt="string">Type</PropertyName><PropertyValue dt:dt="string">SoundDevice</PropertyValue></Property><Property><PropertyName dt:dt="string">API</PropertyName><PropertyValue dt:dt="string">DirectSound</PropertyValue></Property><Property><PropertyName dt:dt="string">DeviceIndex</PropertyName><PropertyValue dt:dt="int">1</PropertyValue></Property><Property><PropertyName dt:dt="string">Channels</PropertyName><PropertyValue dt:dt="int">0</PropertyValue></Property><Property><PropertyName dt:dt="string">SamplesPerSecond</PropertyName><PropertyValue dt:dt="int">0</PropertyValue></Property><Property><PropertyName dt:dt="string">BitsPerSample</PropertyName><PropertyValue dt:dt="int">0</PropertyValue></Property></Device><Device><Property><PropertyName dt:dt="string">Name</PropertyName><PropertyValue dt:dt="string">Keyboard</PropertyValue></Property><Property><PropertyName dt:dt="string">Type</PropertyName><PropertyValue dt:dt="string">KeyboardInputDevice</PropertyValue></Property><Property><PropertyName dt:dt="string">CollectionMode</PropertyName><PropertyValue dt:dt="string">Presses Only</PropertyValue></Property><Property><PropertyName dt:dt="string">EmulateDevice</PropertyName><PropertyValue dt:dt="string">(none)</PropertyValue></Property><Property><PropertyName dt:dt="string">CapsLock</PropertyName><PropertyValue dt:dt="string">No</PropertyValue></Property><Property><PropertyName dt:dt="string">NumLock</PropertyName><PropertyValue dt:dt="string">Yes</PropertyValue></Property></Device><Device><Property><PropertyName dt:dt="string">Name</PropertyName><PropertyValue dt:dt="string">Mouse</PropertyValue></Property><Property><PropertyName dt:dt="string">Type</PropertyName><PropertyValue dt:dt="string">MouseInputDevice</PropertyValue></Property><Property><PropertyName dt:dt="string">CollectionMode</PropertyName><PropertyValue dt:dt="string">Presses Only</PropertyValue></Property><Property><PropertyName dt:dt="string">EmulateDevice</PropertyName><PropertyValue dt:dt="string">(none)</PropertyValue></Property><Property><PropertyName dt:dt="string">OpenMode</PropertyName><PropertyValue dt:dt="string">Direct</PropertyValue></Property><Property><PropertyName dt:dt="string">ShowCursor</PropertyName><PropertyValue dt:dt="string">No</PropertyValue></Property></Device><Device><Property><PropertyName dt:dt="string">Name</PropertyName><PropertyValue dt:dt="string">Button</PropertyValue></Property><Property><PropertyName dt:dt="string">Type</PropertyName><PropertyValue dt:dt="string">ButtonInputFilterDevice</PropertyValue></Property><Property><PropertyName dt:dt="string">CollectionMode</PropertyName><PropertyValue dt:dt="string">Presses and Releases</PropertyValue></Property><Property><PropertyName dt:dt="string">EmulateDevice</PropertyName><PropertyValue dt:dt="string">(none)</PropertyValue></Property></Device></Devices><RunningApplications><RunningApplication><ImageName dt:dt="string">[System Process]</ImageName><ProcessID dt:dt="string">0</ProcessID><WorkingSetSizeKB dt:dt="string"> </WorkingSetSizeKB><ImageFullName dt:dt="string"> </ImageFullName><ImageSize dt:dt="string"> </ImageSize><FileVersion dt:dt="string"> </FileVersion><LastModifiedDateTime dt:dt="string"> </LastModifiedDateTime></RunningApplication><RunningApplication><ImageName dt:dt="string">System</ImageName><ProcessID dt:dt="string">4</ProcessID><WorkingSetSizeKB dt:dt="string"> </WorkingSetSizeKB><ImageFullName dt:dt="string"> </ImageFullName><ImageSize dt:dt="string"> </ImageSize><FileVersion dt:dt="string"> </FileVersion><LastModifiedDateTime dt:dt="string"> </LastModifiedDateTime></RunningApplication><RunningApplication><ImageName dt:dt="string">smss.exe</ImageName><ProcessID dt:dt="string">416</ProcessID><WorkingSetSizeKB dt:dt="string"> </WorkingSetSizeKB><ImageFullName dt:dt="string"> </ImageFullName><ImageSize dt:dt="string"> </ImageSize><FileVersion dt:dt="string"> </FileVersion><LastModifiedDateTime dt:dt="string"> </LastModifiedDateTime></RunningApplication><RunningApplication><ImageName dt:dt="string">csrss.exe</ImageName><ProcessID dt:dt="string">520</ProcessID><WorkingSetSizeKB dt:dt="string"> </WorkingSetSizeKB><ImageFullName dt:dt="string"> </ImageFullName><ImageSize dt:dt="string"> </ImageSize><FileVersion dt:dt="string"> </FileVersion><LastModifiedDateTime dt:dt="string"> </LastModifiedDateTime></RunningApplication><RunningApplication><ImageName dt:dt="string">wininit.exe</ImageName><ProcessID dt:dt="string">600</ProcessID><WorkingSetSizeKB dt:dt="string"> </WorkingSetSizeKB><ImageFullName dt:dt="string"> </ImageFullName><ImageSize dt:dt="string"> </ImageSize><FileVersion dt:dt="string"> </FileVersion><LastModifiedDateTime dt:dt="string"> </LastModifiedDateTime></RunningApplication><RunningApplication><ImageName dt:dt="string">csrss.exe</ImageName><ProcessID dt:dt="string">608</ProcessID><WorkingSetSizeKB dt:dt="string"> </WorkingSetSizeKB><ImageFullName dt:dt="string"> </ImageFullName><ImageSize dt:dt="string"> </ImageSize><FileVersion dt:dt="string"> </FileVersion><LastModifiedDateTime dt:dt="string"> </LastModifiedDateTime></RunningApplication><RunningApplication><ImageName dt:dt="string">winlogon.exe</ImageName><ProcessID dt:dt="string">684</ProcessID><WorkingSetSizeKB dt:dt="string"> </WorkingSetSizeKB><ImageFullName dt:dt="string"> </ImageFullName><ImageSize dt:dt="string"> </ImageSize><FileVersion dt:dt="string"> </FileVersion><LastModifiedDateTime dt:dt="string"> </LastModifiedDateTime></RunningApplication><RunningApplication><ImageName dt:dt="string">services.exe</ImageName><ProcessID dt:dt="string">744</ProcessID><WorkingSetSizeKB dt:dt="string"> </WorkingSetSizeKB><ImageFullName dt:dt="string"> </ImageFullName><ImageSize dt:dt="string"> </ImageSize><FileVersion dt:dt="string"> </FileVersion><LastModifiedDateTime dt:dt="string"> </LastModifiedDateTime></RunningApplication><RunningApplication><ImageName dt:dt="string">lsass.exe</ImageName><ProcessID dt:dt="string">752</ProcessID><WorkingSetSizeKB dt:dt="string"> </WorkingSetSizeKB><ImageFullName dt:dt="string"> </ImageFullName><ImageSize dt:dt="string"> </ImageSize><FileVersion dt:dt="string"> </FileVersion><LastModifiedDateTime dt:dt="string"> </LastModifiedDateTime></RunningApplication><RunningApplication><ImageName dt:dt="string">svchost.exe</ImageName><ProcessID dt:dt="string">856</ProcessID><WorkingSetSizeKB dt:dt="string"> </WorkingSetSizeKB><ImageFullName dt:dt="string"> </ImageFullName><ImageSize dt:dt="string"> </ImageSize><FileVersion dt:dt="string"> </FileVersion><LastModifiedDateTime dt:dt="string"> </LastModifiedDateTime></RunningApplication><RunningApplication><ImageName dt:dt="string">svchost.exe</ImageName><ProcessID dt:dt="string">924</ProcessID><WorkingSetSizeKB dt:dt="string"> </WorkingSetSizeKB><ImageFullName dt:dt="string"> </ImageFullName><ImageSize dt:dt="string"> </ImageSize><FileVersion dt:dt="string"> </FileVersion><LastModifiedDateTime dt:dt="string"> </LastModifiedDateTime></RunningApplication><RunningApplication><ImageName dt:dt="string">svchost.exe</ImageName><ProcessID dt:dt="string">444</ProcessID><WorkingSetSizeKB dt:dt="string"> </WorkingSetSizeKB><ImageFullName dt:dt="string"> </ImageFullName><ImageSize dt:dt="string"> </ImageSize><FileVersion dt:dt="string"> </FileVersion><LastModifiedDateTime dt:dt="string"> </LastModifiedDateTime></RunningApplication><RunningApplication><ImageName dt:dt="string">svchost.exe</ImageName><ProcessID dt:dt="string">456</ProcessID><WorkingSetSizeKB dt:dt="string"> </WorkingSetSizeKB><ImageFullName dt:dt="string"> </ImageFullName><ImageSize dt:dt="string"> </ImageSize><FileVersion dt:dt="string"> </FileVersion><LastModifiedDateTime dt:dt="string"> </LastModifiedDateTime></RunningApplication><RunningApplication><ImageName dt:dt="string">svchost.exe</ImageName><ProcessID dt:dt="string">448</ProcessID><WorkingSetSizeKB dt:dt="string"> </WorkingSetSizeKB><ImageFullName dt:dt="string"> </ImageFullName><ImageSize dt:dt="string"> </ImageSize><FileVersion dt:dt="string"> </FileVersion><LastModifiedDateTime dt:dt="string"> </LastModifiedDateTime></RunningApplication><RunningApplication><ImageName dt:dt="string">dwm.exe</ImageName><ProcessID dt:dt="string">1088</ProcessID><WorkingSetSizeKB dt:dt="string"> </WorkingSetSizeKB><ImageFullName dt:dt="string"> </ImageFullName><ImageSize dt:dt="string"> </ImageSize><FileVersion dt:dt="string"> </FileVersion><LastModifiedDateTime dt:dt="string"> </LastModifiedDateTime></RunningApplication><RunningApplication><ImageName dt:dt="string">svchost.exe</ImageName><ProcessID dt:dt="string">1096</ProcessID><WorkingSetSizeKB dt:dt="string"> </WorkingSetSizeKB><ImageFullName dt:dt="string"> </ImageFullName><ImageSize dt:dt="string"> </ImageSize><FileVersion dt:dt="string"> </FileVersion><LastModifiedDateTime dt:dt="string"> </LastModifiedDateTime></RunningApplication><RunningApplication><ImageName dt:dt="string">svchost.exe</ImageName><ProcessID dt:dt="string">1104</ProcessID><WorkingSetSizeKB dt:dt="string"> </WorkingSetSizeKB><ImageFullName dt:dt="string"> </ImageFullName><ImageSize dt:dt="string"> </ImageSize><FileVersion dt:dt="string"> </FileVersion><LastModifiedDateTime dt:dt="string"> </LastModifiedDateTime></RunningApplication><RunningApplication><ImageName dt:dt="string">WUDFHost.exe</ImageName><ProcessID dt:dt="string">1140</ProcessID><WorkingSetSizeKB dt:dt="string"> </WorkingSetSizeKB><ImageFullName dt:dt="string"> </ImageFullName><ImageSize dt:dt="string"> </ImageSize><FileVersion dt:dt="string"> </FileVersion><LastModifiedDateTime dt:dt="string"> </LastModifiedDateTime></RunningApplication><RunningApplication><ImageName dt:dt="string">svchost.exe</ImageName><ProcessID dt:dt="string">1332</ProcessID><WorkingSetSizeKB dt:dt="string"> </WorkingSetSizeKB><ImageFullName dt:dt="string"> </ImageFullName><ImageSize dt:dt="string"> </ImageSize><FileVersion dt:dt="string"> </FileVersion><LastModifiedDateTime dt:dt="string"> </LastModifiedDateTime></RunningApplication><RunningApplication><ImageName dt:dt="string">igfxCUIService.exe</ImageName><ProcessID dt:dt="string">1600</ProcessID><WorkingSetSizeKB dt:dt="string"> </WorkingSetSizeKB><ImageFullName dt:dt="string"> </ImageFullName><ImageSize dt:dt="string"> </ImageSize><FileVersion dt:dt="string"> </FileVersion><LastModifiedDateTime dt:dt="string"> </LastModifiedDateTime></RunningApplication><RunningApplication><ImageName dt:dt="string">svchost.exe</ImageName><ProcessID dt:dt="string">1896</ProcessID><WorkingSetSizeKB dt:dt="string"> </WorkingSetSizeKB><ImageFullName dt:dt="string"> </ImageFullName><ImageSize dt:dt="string"> </ImageSize><FileVersion dt:dt="string"> </FileVersion><LastModifiedDateTime dt:dt="string"> </LastModifiedDateTime></RunningApplication><RunningApplication><ImageName dt:dt="string">hpservice.exe</ImageName><ProcessID dt:dt="string">1936</ProcessID><WorkingSetSizeKB dt:dt="string"> </WorkingSetSizeKB><ImageFullName dt:dt="string"> </ImageFullName><ImageSize dt:dt="string"> </ImageSize><FileVersion dt:dt="string"> </FileVersion><LastModifiedDateTime dt:dt="string"> </LastModifiedDateTime></RunningApplication><RunningApplication><ImageName dt:dt="string">svchost.exe</ImageName><ProcessID dt:dt="string">2028</ProcessID><WorkingSetSizeKB dt:dt="string"> </WorkingSetSizeKB><ImageFullName dt:dt="string"> </ImageFullName><ImageSize dt:dt="string"> </ImageSize><FileVersion dt:dt="string"> </FileVersion><LastModifiedDateTime dt:dt="string"> </LastModifiedDateTime></RunningApplication><RunningApplication><ImageName dt:dt="string">svchost.exe</ImageName><ProcessID dt:dt="string">2160</ProcessID><WorkingSetSizeKB dt:dt="string"> </WorkingSetSizeKB><ImageFullName dt:dt="string"> </ImageFullName><ImageSize dt:dt="string"> </ImageSize><FileVersion dt:dt="string"> </FileVersion><LastModifiedDateTime dt:dt="string"> </LastModifiedDateTime></RunningApplication><RunningApplication><ImageName dt:dt="string">spoolsv.exe</ImageName><ProcessID dt:dt="string">2216</ProcessID><WorkingSetSizeKB dt:dt="string"> </WorkingSetSizeKB><ImageFullName dt:dt="string"> </ImageFullName><ImageSize dt:dt="string"> </ImageSize><FileVersion dt:dt="string"> </FileVersion><LastModifiedDateTime dt:dt="string"> </LastModifiedDateTime></RunningApplication><RunningApplication><ImageName dt:dt="string">CxMonSvc.exe</ImageName><ProcessID dt:dt="string">2576</ProcessID><WorkingSetSizeKB dt:dt="string"> </WorkingSetSizeKB><ImageFullName dt:dt="string"> </ImageFullName><ImageSize dt:dt="string"> </ImageSize><FileVersion dt:dt="string"> </FileVersion><LastModifiedDateTime dt:dt="string"> </LastModifiedDateTime></RunningApplication><RunningApplication><ImageName dt:dt="string">IntelCpHDCPSvc.exe</ImageName><ProcessID dt:dt="string">2584</ProcessID><WorkingSetSizeKB dt:dt="string"> </WorkingSetSizeKB><ImageFullName dt:dt="string"> </ImageFullName><ImageSize dt:dt="string"> </ImageSize><FileVersion dt:dt="string"> </FileVersion><LastModifiedDateTime dt:dt="string"> </LastModifiedDateTime></RunningApplication><RunningApplication><ImageName dt:dt="string">CxUtilSvc.exe</ImageName><ProcessID dt:dt="string">2592</ProcessID><WorkingSetSizeKB dt:dt="string"> </WorkingSetSizeKB><ImageFullName dt:dt="string"> </ImageFullName><ImageSize dt:dt="string"> </ImageSize><FileVersion dt:dt="string"> </FileVersion><LastModifiedDateTime dt:dt="string"> </LastModifiedDateTime></RunningApplication><RunningApplication><ImageName dt:dt="string">svchost.exe</ImageName><ProcessID dt:dt="string">2624</ProcessID><WorkingSetSizeKB dt:dt="string"> </WorkingSetSizeKB><ImageFullName dt:dt="string"> </ImageFullName><ImageSize dt:dt="string"> </ImageSize><FileVersion dt:dt="string"> </FileVersion><LastModifiedDateTime dt:dt="string"> </LastModifiedDateTime></RunningApplication><RunningApplication><ImageName dt:dt="string">hasplms.exe</ImageName><ProcessID dt:dt="string">2632</ProcessID><WorkingSetSizeKB dt:dt="string"> </WorkingSetSizeKB><ImageFullName dt:dt="string"> </ImageFullName><ImageSize dt:dt="string"> </ImageSize><FileVersion dt:dt="string"> </FileVersion><LastModifiedDateTime dt:dt="string"> </LastModifiedDateTime></RunningApplication><RunningApplication><ImageName dt:dt="string">fpCSEvtSvc.exe</ImageName><ProcessID dt:dt="string">2640</ProcessID><WorkingSetSizeKB dt:dt="string"> </WorkingSetSizeKB><ImageFullName dt:dt="string"> </ImageFullName><ImageSize dt:dt="string"> </ImageSize><FileVersion dt:dt="string"> </FileVersion><LastModifiedDateTime dt:dt="string"> </LastModifiedDateTime></RunningApplication><RunningApplication><ImageName dt:dt="string">svchost.exe</ImageName><ProcessID dt:dt="string">2712</ProcessID><WorkingSetSizeKB dt:dt="string"> </WorkingSetSizeKB><ImageFullName dt:dt="string"> </ImageFullName><ImageSize dt:dt="string"> </ImageSize><FileVersion dt:dt="string"> </FileVersion><LastModifiedDateTime dt:dt="string"> </LastModifiedDateTime></RunningApplication><RunningApplication><ImageName dt:dt="string">svchost.exe</ImageName><ProcessID dt:dt="string">2748</ProcessID><WorkingSetSizeKB dt:dt="string"> </WorkingSetSizeKB><ImageFullName dt:dt="string"> </ImageFullName><ImageSize dt:dt="string"> </ImageSize><FileVersion dt:dt="string"> </FileVersion><LastModifiedDateTime dt:dt="string"> </LastModifiedDateTime></RunningApplication><RunningApplication><ImageName dt:dt="string">svchost.exe</ImageName><ProcessID dt:dt="string">2776</ProcessID><WorkingSetSizeKB dt:dt="string"> </WorkingSetSizeKB><ImageFullName dt:dt="string"> </ImageFullName><ImageSize dt:dt="string"> </ImageSize><FileVersion dt:dt="string"> </FileVersion><LastModifiedDateTime dt:dt="string"> </LastModifiedDateTime></RunningApplication><RunningApplication><ImageName dt:dt="string">ibtsiva.exe</ImageName><ProcessID dt:dt="string">2792</ProcessID><WorkingSetSizeKB dt:dt="string"> </WorkingSetSizeKB><ImageFullName dt:dt="string"> </ImageFullName><ImageSize dt:dt="string"> </ImageSize><FileVersion dt:dt="string"> </FileVersion><LastModifiedDateTime dt:dt="string"> </LastModifiedDateTime></RunningApplication><RunningApplication><ImageName dt:dt="string">MsMpEng.exe</ImageName><ProcessID dt:dt="string">2800</ProcessID><WorkingSetSizeKB dt:dt="string"> </WorkingSetSizeKB><ImageFullName dt:dt="string"> </ImageFullName><ImageSize dt:dt="string"> </ImageSize><FileVersion dt:dt="string"> </FileVersion><LastModifiedDateTime dt:dt="string"> </LastModifiedDateTime></RunningApplication><RunningApplication><ImageName dt:dt="string">SynTPEnhService.exe</ImageName><ProcessID dt:dt="string">2808</ProcessID><WorkingSetSizeKB dt:dt="string"> </WorkingSetSizeKB><ImageFullName dt:dt="string"> </ImageFullName><ImageSize dt:dt="string"> </ImageSize><FileVersion dt:dt="string"> </FileVersion><LastModifiedDateTime dt:dt="string"> </LastModifiedDateTime></RunningApplication><RunningApplication><ImageName dt:dt="string">valWBFPolicyService.exe</ImageName><ProcessID dt:dt="string">2908</ProcessID><WorkingSetSizeKB dt:dt="string"> </WorkingSetSizeKB><ImageFullName dt:dt="string"> </ImageFullName><ImageSize dt:dt="string"> </ImageSize><FileVersion dt:dt="string"> </FileVersion><LastModifiedDateTime dt:dt="string"> </LastModifiedDateTime></RunningApplication><RunningApplication><ImageName dt:dt="string">Memory Compression</ImageName><ProcessID dt:dt="string">2932</ProcessID><WorkingSetSizeKB dt:dt="string"> </WorkingSetSizeKB><ImageFullName dt:dt="string"> </ImageFullName><ImageSize dt:dt="string"> </ImageSize><FileVersion dt:dt="string"> </FileVersion><LastModifiedDateTime dt:dt="string"> </LastModifiedDateTime></RunningApplication><RunningApplication><ImageName dt:dt="string">IntelCpHeciSvc.exe</ImageName><ProcessID dt:dt="string">2560</ProcessID><WorkingSetSizeKB dt:dt="string"> </WorkingSetSizeKB><ImageFullName dt:dt="string"> </ImageFullName><ImageSize dt:dt="string"> </ImageSize><FileVersion dt:dt="string"> </FileVersion><LastModifiedDateTime dt:dt="string"> </LastModifiedDateTime></RunningApplication><RunningApplication><ImageName dt:dt="string">svchost.exe</ImageName><ProcessID dt:dt="string">3392</ProcessID><WorkingSetSizeKB dt:dt="string"> </WorkingSetSizeKB><ImageFullName dt:dt="string"> </ImageFullName><ImageSize dt:dt="string"> </ImageSize><FileVersion dt:dt="string"> </FileVersion><LastModifiedDateTime dt:dt="string"> </LastModifiedDateTime></RunningApplication><RunningApplication><ImageName dt:dt="string">NisSrv.exe</ImageName><ProcessID dt:dt="string">3588</ProcessID><WorkingSetSizeKB dt:dt="string"> </WorkingSetSizeKB><ImageFullName dt:dt="string"> </ImageFullName><ImageSize dt:dt="string"> </ImageSize><FileVersion dt:dt="string"> </FileVersion><LastModifiedDateTime dt:dt="string"> </LastModifiedDateTime></RunningApplication><RunningApplication><ImageName dt:dt="string">svchost.exe</ImageName><ProcessID dt:dt="string">1656</ProcessID><WorkingSetSizeKB dt:dt="string"> </WorkingSetSizeKB><ImageFullName dt:dt="string"> </ImageFullName><ImageSize dt:dt="string"> </ImageSize><FileVersion dt:dt="string"> </FileVersion><LastModifiedDateTime dt:dt="string"> </LastModifiedDateTime></RunningApplication><RunningApplication><ImageName dt:dt="string">CcmExec.exe</ImageName><ProcessID dt:dt="string">632</ProcessID><WorkingSetSizeKB dt:dt="string"> </WorkingSetSizeKB><ImageFullName dt:dt="string"> </ImageFullName><ImageSize dt:dt="string"> </ImageSize><FileVersion dt:dt="string"> </FileVersion><LastModifiedDateTime dt:dt="string"> </LastModifiedDateTime></RunningApplication><RunningApplication><ImageName dt:dt="string">WmiPrvSE.exe</ImageName><ProcessID dt:dt="string">1904</ProcessID><WorkingSetSizeKB dt:dt="string"> </WorkingSetSizeKB><ImageFullName dt:dt="string"> </ImageFullName><ImageSize dt:dt="string"> </ImageSize><FileVersion dt:dt="string"> </FileVersion><LastModifiedDateTime dt:dt="string"> </LastModifiedDateTime></RunningApplication><RunningApplication><ImageName dt:dt="string">WmiPrvSE.exe</ImageName><ProcessID dt:dt="string">2972</ProcessID><WorkingSetSizeKB dt:dt="string"> </WorkingSetSizeKB><ImageFullName dt:dt="string"> </ImageFullName><ImageSize dt:dt="string"> </ImageSize><FileVersion dt:dt="string"> </FileVersion><LastModifiedDateTime dt:dt="string"> </LastModifiedDateTime></RunningApplication><RunningApplication><ImageName dt:dt="string">CmRcService.exe</ImageName><ProcessID dt:dt="string">3856</ProcessID><WorkingSetSizeKB dt:dt="string"> </WorkingSetSizeKB><ImageFullName dt:dt="string"> </ImageFullName><ImageSize dt:dt="string"> </ImageSize><FileVersion dt:dt="string"> </FileVersion><LastModifiedDateTime dt:dt="string"> </LastModifiedDateTime></RunningApplication><RunningApplication><ImageName dt:dt="string">WmiPrvSE.exe</ImageName><ProcessID dt:dt="string">3560</ProcessID><WorkingSetSizeKB dt:dt="string"> </WorkingSetSizeKB><ImageFullName dt:dt="string"> </ImageFullName><ImageSize dt:dt="string"> </ImageSize><FileVersion dt:dt="string"> </FileVersion><LastModifiedDateTime dt:dt="string"> </LastModifiedDateTime></RunningApplication><RunningApplication><ImageName dt:dt="string">MBAMAgent.exe</ImageName><ProcessID dt:dt="string">1636</ProcessID><WorkingSetSizeKB dt:dt="string"> </WorkingSetSizeKB><ImageFullName dt:dt="string"> </ImageFullName><ImageSize dt:dt="string"> </ImageSize><FileVersion dt:dt="string"> </FileVersion><LastModifiedDateTime dt:dt="string"> </LastModifiedDateTime></RunningApplication><RunningApplication><ImageName dt:dt="string">SearchIndexer.exe</ImageName><ProcessID dt:dt="string">4236</ProcessID><WorkingSetSizeKB dt:dt="string"> </WorkingSetSizeKB><ImageFullName dt:dt="string"> </ImageFullName><ImageSize dt:dt="string"> </ImageSize><FileVersion dt:dt="string"> </FileVersion><LastModifiedDateTime dt:dt="string"> </LastModifiedDateTime></RunningApplication><RunningApplication><ImageName dt:dt="string">WmiPrvSE.exe</ImageName><ProcessID dt:dt="string">4424</ProcessID><WorkingSetSizeKB dt:dt="string"> </WorkingSetSizeKB><ImageFullName dt:dt="string"> </ImageFullName><ImageSize dt:dt="string"> </ImageSize><FileVersion dt:dt="string"> </FileVersion><LastModifiedDateTime dt:dt="string"> </LastModifiedDateTime></RunningApplication><RunningApplication><ImageName dt:dt="string">WmiPrvSE.exe</ImageName><ProcessID dt:dt="string">4484</ProcessID><WorkingSetSizeKB dt:dt="string"> </WorkingSetSizeKB><ImageFullName dt:dt="string"> </ImageFullName><ImageSize dt:dt="string"> </ImageSize><FileVersion dt:dt="string"> </FileVersion><LastModifiedDateTime dt:dt="string"> </LastModifiedDateTime></RunningApplication><RunningApplication><ImageName dt:dt="string">sihost.exe</ImageName><ProcessID dt:dt="string">4244</ProcessID><WorkingSetSizeKB dt:dt="string">5931</WorkingSetSizeKB><ImageFullName dt:dt="string">C:\Windows\System32\sihost.exe</ImageFullName><ImageSize dt:dt="string"> </ImageSize><FileVersion dt:dt="string">10.0.14393.0</FileVersion><LastModifiedDateTime dt:dt="string"> </LastModifiedDateTime></RunningApplication><RunningApplication><ImageName dt:dt="string">svchost.exe</ImageName><ProcessID dt:dt="string">4252</ProcessID><WorkingSetSizeKB dt:dt="string">6524</WorkingSetSizeKB><ImageFullName dt:dt="string">C:\Windows\System32\svchost.exe</ImageFullName><ImageSize dt:dt="string">38792</ImageSize><FileVersion dt:dt="string">10.0.14393.0</FileVersion><LastModifiedDateTime dt:dt="string">07/16/2016 06:42:55</LastModifiedDateTime></RunningApplication><RunningApplication><ImageName dt:dt="string">taskhostw.exe</ImageName><ProcessID dt:dt="string">4432</ProcessID><WorkingSetSizeKB dt:dt="string">7892</WorkingSetSizeKB><ImageFullName dt:dt="string">C:\Windows\System32\taskhostw.exe</ImageFullName><ImageSize dt:dt="string"> </ImageSize><FileVersion dt:dt="string">10.0.14393.0</FileVersion><LastModifiedDateTime dt:dt="string"> </LastModifiedDateTime></RunningApplication><RunningApplication><ImageName dt:dt="string">MicTray64.exe</ImageName><ProcessID dt:dt="string">4860</ProcessID><WorkingSetSizeKB dt:dt="string"> </WorkingSetSizeKB><ImageFullName dt:dt="string"> </ImageFullName><ImageSize dt:dt="string"> </ImageSize><FileVersion dt:dt="string"> </FileVersion><LastModifiedDateTime dt:dt="string"> </LastModifiedDateTime></RunningApplication><RunningApplication><ImageName dt:dt="string">SynTPEnh.exe</ImageName><ProcessID dt:dt="string">4680</ProcessID><WorkingSetSizeKB dt:dt="string">6930</WorkingSetSizeKB><ImageFullName dt:dt="string">C:\Program Files\Synaptics\SynTP\SynTPEnh.exe</ImageFullName><ImageSize dt:dt="string">4172384</ImageSize><FileVersion dt:dt="string">19.3.8.13</FileVersion><LastModifiedDateTime dt:dt="string">10/26/2016 13:41:46</LastModifiedDateTime></RunningApplication><RunningApplication><ImageName dt:dt="string">RuntimeBroker.exe</ImageName><ProcessID dt:dt="string">5040</ProcessID><WorkingSetSizeKB dt:dt="string">5509</WorkingSetSizeKB><ImageFullName dt:dt="string">C:\Windows\System32\RuntimeBroker.exe</ImageFullName><ImageSize dt:dt="string"> </ImageSize><FileVersion dt:dt="string">10.0.14393.0</FileVersion><LastModifiedDateTime dt:dt="string"> </LastModifiedDateTime></RunningApplication><RunningApplication><ImageName dt:dt="string">SynTPHelper.exe</ImageName><ProcessID dt:dt="string">1624</ProcessID><WorkingSetSizeKB dt:dt="string"> </WorkingSetSizeKB><ImageFullName dt:dt="string"> </ImageFullName><ImageSize dt:dt="string"> </ImageSize><FileVersion dt:dt="string"> </FileVersion><LastModifiedDateTime dt:dt="string"> </LastModifiedDateTime></RunningApplication><RunningApplication><ImageName dt:dt="string">SmartAudio3.exe</ImageName><ProcessID dt:dt="string">640</ProcessID><WorkingSetSizeKB dt:dt="string">8261</WorkingSetSizeKB><ImageFullName dt:dt="string">C:\Program Files\CONEXANT\SA3\HP-NB-AIO\SmartAudio3.exe</ImageFullName><ImageSize dt:dt="string">502616</ImageSize><FileVersion dt:dt="string">3.0.94.0</FileVersion><LastModifiedDateTime dt:dt="string">03/12/2017 21:11:28</LastModifiedDateTime></RunningApplication><RunningApplication><ImageName dt:dt="string">PresentationFontCache.exe</ImageName><ProcessID dt:dt="string">4620</ProcessID><WorkingSetSizeKB dt:dt="string"> </WorkingSetSizeKB><ImageFullName dt:dt="string"> </ImageFullName><ImageSize dt:dt="string"> </ImageSize><FileVersion dt:dt="string"> </FileVersion><LastModifiedDateTime dt:dt="string"> </LastModifiedDateTime></RunningApplication><RunningApplication><ImageName dt:dt="string">explorer.exe</ImageName><ProcessID dt:dt="string">3388</ProcessID><WorkingSetSizeKB dt:dt="string">65638</WorkingSetSizeKB><ImageFullName dt:dt="string">C:\Windows\explorer.exe</ImageFullName><ImageSize dt:dt="string">4674872</ImageSize><FileVersion dt:dt="string">10.0.14393.1532</FileVersion><LastModifiedDateTime dt:dt="string">07/12/2017 00:55:57</LastModifiedDateTime></RunningApplication><RunningApplication><ImageName dt:dt="string">ShellExperienceHost.exe</ImageName><ProcessID dt:dt="string">5256</ProcessID><WorkingSetSizeKB dt:dt="string">14753</WorkingSetSizeKB><ImageFullName dt:dt="string">C:\Windows\SystemApps\ShellExperienceHost_cw5n1h2txyewy\ShellExperienceHost.exe</ImageFullName><ImageSize dt:dt="string">1653600</ImageSize><FileVersion dt:dt="string">10.0.14393.447</FileVersion><LastModifiedDateTime dt:dt="string">11/02/2016 06:13:49</LastModifiedDateTime></RunningApplication><RunningApplication><ImageName dt:dt="string">igfxEM.exe</ImageName><ProcessID dt:dt="string">5360</ProcessID><WorkingSetSizeKB dt:dt="string">5115</WorkingSetSizeKB><ImageFullName dt:dt="string">C:\Windows\System32\DriverStore\FileRepository\igdlh64.inf_amd64_0745f11ce6fc197c\igfxEM.exe</ImageFullName><ImageSize dt:dt="string">523232</ImageSize><FileVersion dt:dt="string">6.15.10.4534</FileVersion><LastModifiedDateTime dt:dt="string">11/02/2016 01:05:54</LastModifiedDateTime></RunningApplication><RunningApplication><ImageName dt:dt="string">WmiPrvSE.exe</ImageName><ProcessID dt:dt="string">5336</ProcessID><WorkingSetSizeKB dt:dt="string"> </WorkingSetSizeKB><ImageFullName dt:dt="string"> </ImageFullName><ImageSize dt:dt="string"> </ImageSize><FileVersion dt:dt="string"> </FileVersion><LastModifiedDateTime dt:dt="string"> </LastModifiedDateTime></RunningApplication><RunningApplication><ImageName dt:dt="string">MpCmdRun.exe</ImageName><ProcessID dt:dt="string">4948</ProcessID><WorkingSetSizeKB dt:dt="string"> </WorkingSetSizeKB><ImageFullName dt:dt="string"> </ImageFullName><ImageSize dt:dt="string"> </ImageSize><FileVersion dt:dt="string"> </FileVersion><LastModifiedDateTime dt:dt="string"> </LastModifiedDateTime></RunningApplication><RunningApplication><ImageName dt:dt="string">dllhost.exe</ImageName><ProcessID dt:dt="string">6184</ProcessID><WorkingSetSizeKB dt:dt="string">1581</WorkingSetSizeKB><ImageFullName dt:dt="string">C:\Windows\System32\dllhost.exe</ImageFullName><ImageSize dt:dt="string">19808</ImageSize><FileVersion dt:dt="string">10.0.14393.0</FileVersion><LastModifiedDateTime dt:dt="string">07/16/2016 06:42:55</LastModifiedDateTime></RunningApplication><RunningApplication><ImageName dt:dt="string">MSASCuiL.exe</ImageName><ProcessID dt:dt="string">6860</ProcessID><WorkingSetSizeKB dt:dt="string">4579</WorkingSetSizeKB><ImageFullName dt:dt="string">C:\Program Files\Windows Defender\MSASCuiL.exe</ImageFullName><ImageSize dt:dt="string">631808</ImageSize><FileVersion dt:dt="string">4.10.14393.1198</FileVersion><LastModifiedDateTime dt:dt="string">04/27/2017 18:52:58</LastModifiedDateTime></RunningApplication><RunningApplication><ImageName dt:dt="string">jusched.exe</ImageName><ProcessID dt:dt="string">6984</ProcessID><WorkingSetSizeKB dt:dt="string">987</WorkingSetSizeKB><ImageFullName dt:dt="string">C:\Program Files (x86)\Common Files\Java\Java Update\jusched.exe</ImageFullName><ImageSize dt:dt="string">587288</ImageSize><FileVersion dt:dt="string">2.8.144.1</FileVersion><LastModifiedDateTime dt:dt="string">07/21/2017 23:05:42</LastModifiedDateTime></RunningApplication><RunningApplication><ImageName dt:dt="string">SCNotification.exe</ImageName><ProcessID dt:dt="string">7028</ProcessID><WorkingSetSizeKB dt:dt="string">8249</WorkingSetSizeKB><ImageFullName dt:dt="string">C:\Windows\CCM\SCNotification.exe</ImageFullName><ImageSize dt:dt="string">647584</ImageSize><FileVersion dt:dt="string">5.0.8498.1000</FileVersion><LastModifiedDateTime dt:dt="string">02/28/2017 06:00:00</LastModifiedDateTime></RunningApplication><RunningApplication><ImageName dt:dt="string">Flow.exe</ImageName><ProcessID dt:dt="string">1728</ProcessID><WorkingSetSizeKB dt:dt="string">20258</WorkingSetSizeKB><ImageFullName dt:dt="string">C:\Program Files\CONEXANT\Flow\Flow.exe</ImageFullName><ImageSize dt:dt="string">2767448</ImageSize><FileVersion dt:dt="string">1.3.28.0</FileVersion><LastModifiedDateTime dt:dt="string">03/14/2017 20:15:50</LastModifiedDateTime></RunningApplication><RunningApplication><ImageName dt:dt="string">ApplicationFrameHost.exe</ImageName><ProcessID dt:dt="string">5780</ProcessID><WorkingSetSizeKB dt:dt="string">3854</WorkingSetSizeKB><ImageFullName dt:dt="string">C:\Windows\System32\ApplicationFrameHost.exe</ImageFullName><ImageSize dt:dt="string"> </ImageSize><FileVersion dt:dt="string">10.0.14393.0</FileVersion><LastModifiedDateTime dt:dt="string"> </LastModifiedDateTime></RunningApplication><RunningApplication><ImageName dt:dt="string">SearchUI.exe</ImageName><ProcessID dt:dt="string">3596</ProcessID><WorkingSetSizeKB dt:dt="string">29413</WorkingSetSizeKB><ImageFullName dt:dt="string">C:\Windows\SystemApps\Microsoft.Windows.Cortana_cw5n1h2txyewy\SearchUI.exe</ImageFullName><ImageSize dt:dt="string">10652512</ImageSize><FileVersion dt:dt="string">10.0.14393.953</FileVersion><LastModifiedDateTime dt:dt="string">03/04/2017 01:10:28</LastModifiedDateTime></RunningApplication><RunningApplication><ImageName dt:dt="string">SettingSyncHost.exe</ImageName><ProcessID dt:dt="string">6328</ProcessID><WorkingSetSizeKB dt:dt="string">1134</WorkingSetSizeKB><ImageFullName dt:dt="string">C:\Windows\System32\SettingSyncHost.exe</ImageFullName><ImageSize dt:dt="string">493920</ImageSize><FileVersion dt:dt="string">10.0.14393.1198</FileVersion><LastModifiedDateTime dt:dt="string">04/27/2017 19:45:44</LastModifiedDateTime></RunningApplication><RunningApplication><ImageName dt:dt="string">audiodg.exe</ImageName><ProcessID dt:dt="string">6688</ProcessID><WorkingSetSizeKB dt:dt="string"> </WorkingSetSizeKB><ImageFullName dt:dt="string"> </ImageFullName><ImageSize dt:dt="string"> </ImageSize><FileVersion dt:dt="string"> </FileVersion><LastModifiedDateTime dt:dt="string"> </LastModifiedDateTime></RunningApplication><RunningApplication><ImageName dt:dt="string">E-Run.exe</ImageName><ProcessID dt:dt="string">472</ProcessID><WorkingSetSizeKB dt:dt="string">70807</WorkingSetSizeKB><ImageFullName dt:dt="string">C:\Program Files (x86)\PST\E-Prime 3.0\Program\E-Run.exe</ImageFullName><ImageSize dt:dt="string">2489416</ImageSize><FileVersion dt:dt="string">3.0.3.18</FileVersion><LastModifiedDateTime dt:dt="string">01/12/2017 08:42:28</LastModifiedDateTime></RunningApplication><RunningApplication><ImageName dt:dt="string">SearchProtocolHost.exe</ImageName><ProcessID dt:dt="string">6136</ProcessID><WorkingSetSizeKB dt:dt="string">11374</WorkingSetSizeKB><ImageFullName dt:dt="string">C:\Windows\System32\SearchProtocolHost.exe</ImageFullName><ImageSize dt:dt="string">297472</ImageSize><FileVersion dt:dt="string">7.0.14393.1715</FileVersion><LastModifiedDateTime dt:dt="string">09/07/2017 00:48:45</LastModifiedDateTime></RunningApplication><RunningApplication><ImageName dt:dt="string">SearchFilterHost.exe</ImageName><ProcessID dt:dt="string">7904</ProcessID><WorkingSetSizeKB dt:dt="string"> </WorkingSetSizeKB><ImageFullName dt:dt="string"> </ImageFullName><ImageSize dt:dt="string"> </ImageSize><FileVersion dt:dt="string"> </FileVersion><LastModifiedDateTime dt:dt="string"> </LastModifiedDateTime></RunningApplication><RunningApplication><ImageName dt:dt="string">WmiPrvSE.exe</ImageName><ProcessID dt:dt="string">6256</ProcessID><WorkingSetSizeKB dt:dt="string"> </WorkingSetSizeKB><ImageFullName dt:dt="string"> </ImageFullName><ImageSize dt:dt="string"> </ImageSize><FileVersion dt:dt="string"> </FileVersion><LastModifiedDateTime dt:dt="string"> </LastModifiedDateTime></RunningApplication><RunningApplication><ImageName dt:dt="string">WmiPrvSE.exe</ImageName><ProcessID dt:dt="string">2472</ProcessID><WorkingSetSizeKB dt:dt="string"> </WorkingSetSizeKB><ImageFullName dt:dt="string"> </ImageFullName><ImageSize dt:dt="string"> </ImageSize><FileVersion dt:dt="string"> </FileVersion><LastModifiedDateTime dt:dt="string"> </LastModifiedDateTime></RunningApplication></RunningApplications><OperatingSystem><Property><PropertyName dt:dt="string">Description</PropertyName><PropertyValue dt:dt="string">Windows 10 Anniversary</PropertyValue></Property><Property><PropertyName dt:dt="string">VersionMajor</PropertyName><PropertyValue dt:dt="ui4">10</PropertyValue></Property><Property><PropertyName dt:dt="string">VersionMinor</PropertyName><PropertyValue dt:dt="ui4">0</PropertyValue></Property><Property><PropertyName dt:dt="string">BuildNumber</PropertyName><PropertyValue dt:dt="ui4">14393</PropertyValue></Property><Property><PropertyName dt:dt="string">PlatformNumber</PropertyName><PropertyValue dt:dt="ui4">2</PropertyValue></Property><Property><PropertyName dt:dt="string">VersionExtra</PropertyName><PropertyValue dt:dt="string"></PropertyValue></Property><Property><PropertyName dt:dt="string">ServicePackMajor</PropertyName><PropertyValue dt:dt="int">0</PropertyValue></Property><Property><PropertyName dt:dt="string">ServicePackMinor</PropertyName><PropertyValue dt:dt="int">0</PropertyValue></Property><Property><PropertyName dt:dt="string">SuiteMask</PropertyName><PropertyValue dt:dt="int">256</PropertyValue></Property><Property><PropertyName dt:dt="string">ProductType</PropertyName><PropertyValue dt:dt="int">1</PropertyValue></Property><Property><PropertyName dt:dt="string">Reserved</PropertyName><PropertyValue dt:dt="int">0</PropertyValue></Property></OperatingSystem><BIOS><Type0><Property><PropertyName dt:dt="string">Vendor</PropertyName><PropertyValue dt:dt="string">HP</PropertyValue></Property><Property><PropertyName dt:dt="string">BIOSVersion</PropertyName><PropertyValue dt:dt="string">P85 Ver. 01.04</PropertyValue></Property><Property><PropertyName dt:dt="string">BIOSReleaseDate</PropertyName><PropertyValue dt:dt="string">04/12/2017</PropertyValue></Property></Type0><Type1><Property><PropertyName dt:dt="string">Manufacture</PropertyName><PropertyValue dt:dt="string"></PropertyValue></Property><Property><PropertyName dt:dt="string">ProductName</PropertyName><PropertyValue dt:dt="string"></PropertyValue></Property><Property><PropertyName dt:dt="string">Version</PropertyName><PropertyValue dt:dt="string"></PropertyValue></Property><Property><PropertyName dt:dt="string">SerialNumber</PropertyName><PropertyValue dt:dt="string"></PropertyValue></Property></Type1><Type2><Property><PropertyName dt:dt="string">Manufacture</PropertyName><PropertyValue dt:dt="string">HP</PropertyValue></Property><Property><PropertyName dt:dt="string">ProductName</PropertyName><PropertyValue dt:dt="string">8231</PropertyValue></Property><Property><PropertyName dt:dt="string">Version</PropertyName><PropertyValue dt:dt="string">KBC Version 42.65</PropertyValue></Property><Property><PropertyName dt:dt="string">SerialNumber</PropertyName><PropertyValue dt:dt="string">PGDZT048J84077</PropertyValue></Property><Property><PropertyName dt:dt="string">AssetTag</PropertyName><PropertyValue dt:dt="string"> </PropertyValue></Property></Type2><Type3><Property><PropertyName dt:dt="string">Manufacture</PropertyName><PropertyValue dt:dt="string"></PropertyValue></Property><Property><PropertyName dt:dt="string">Version</PropertyName><PropertyValue dt:dt="string"></PropertyValue></Property><Property><PropertyName dt:dt="string">SerialNumber</PropertyName><PropertyValue dt:dt="string"></PropertyValue></Property><Property><PropertyName dt:dt="string">AssetTag</PropertyName><PropertyValue dt:dt="string"></PropertyValue></Property></Type3></BIOS></Report>
